{"ZSS_1_a": {"max": [2.0, 3.0, 6.0, 8.0, 11.0, 12.0, 15.0, 17.0, 20.0, 22.0, 25.0, 33.0, 42.0, 54.0, 71.0, 92.0, 108.0, 145.0, 292.0, 443.0, 588.0], "cost": [1.0, 0.8248587570621466, 1.028688524590164, 1.0874999999999997, 1.1796875000000004, 1.2366071428571435, 1.3359375, 1.4270833333333335, 1.4671874999999999, 1.471590909090909, 1.6028645833333337, 1.685546875, 1.7874999999999999, 1.8587239583333335, 1.900390625, 1.9773437499999995, 2.002278645833334, 2.054443359375, 2.145751953125, 2.1757812500000004, 2.1845703125], "min": [2.0, 2.0, 2.0, 2.0, 3.0, 4.0, 7.0, 6.0, 9.0, 11.0, 15.0, 20.0, 27.0, 34.0, 50.0, 67.0, 83.0, 119.0, 248.0, 387.0, 533.0], "time": [0.00011577457189559937, 0.00034965094873460673, 0.0008261868211089587, 0.0016048699617385864, 0.0030353888869285583, 0.004108507186174393, 0.007314544171094894, 0.009629007428884506, 0.013760264962911606, 0.019535109400749207, 0.02471064031124115, 0.05591348931193352, 0.11498123407363892, 0.20515672117471695, 0.49678871408104897, 0.9590118266642094, 1.853479128330946, 4.771829709410667, 46.18177926540375, 198.5788426361978, 515.461704172194]}, "ZSS_0_5_a": {"max": [2.0, 3.0, 5.0, 7.0, 8.0, 10.0, 12.0, 14.0, 15.0, 17.0, 19.0, 25.0, 33.0, 41.0, 54.0, 69.0, 82.0, 111.0, 221.0, 335.0, 453.0], "cost": [1.0, 0.8248587570621466, 0.8934426229508197, 0.9437499999999998, 1.0078124999999998, 1.051339285714286, 1.138671875, 1.1840277777777777, 1.2359375000000001, 1.2357954545454544, 1.317708333333333, 1.3818359375, 1.4546875000000001, 1.4934895833333333, 1.52490234375, 1.583984375, 1.5963541666666665, 1.626708984375, 1.676025390625, 1.687174479166667, 1.6961669921875], "min": [2.0, 2.0, 1.0, 2.0, 3.0, 4.0, 6.0, 6.0, 9.0, 9.0, 13.0, 18.0, 23.0, 30.0, 42.0, 58.0, 69.0, 97.0, 200.0, 309.0, 421.0], "time": [0.00011550635099411011, 0.00033759262602208026, 0.0007920968727987321, 0.0015738792717456818, 0.002675764262676239, 0.004009496420621872, 0.00715237483382225, 0.009057365357875824, 0.013203304260969162, 0.016580134630203247, 0.02565590664744377, 0.05435101315379143, 0.11270076036453247, 0.21229896321892738, 0.4877682290971279, 0.9451080188155174, 1.8233712874352932, 4.720098081976175, 45.6951340213418, 196.69219487905502, 511.3734751790762]}, "ZSS_0_5": {"max": [2.0, 3.0, 5.0, 7.0, 8.0, 10.0, 12.0, 14.0, 16.0, 18.0, 19.0, 26.0, 33.0, 41.0, 55.0, 69.0, 84.0, 111.0, 223.0, 334.0, 447.0], "cost": [1.0, 0.7916666666666665, 0.98828125, 1.0437499999999997, 1.0911458333333333, 1.1383928571428577, 1.23828125, 1.246527777777778, 1.3140625000000001, 1.3451704545454546, 1.3958333333333335, 1.439453125, 1.49921875, 1.544921875, 1.56640625, 1.595703125, 1.608072916666667, 1.63720703125, 1.6802978515625, 1.6931152343750002, 1.69818115234375], "min": [2.0, 1.0, 1.0, 3.0, 4.0, 4.0, 7.0, 8.0, 9.0, 9.0, 14.0, 20.0, 25.0, 31.0, 46.0, 58.0, 69.0, 99.0, 199.0, 310.0, 420.0], "time": [0.00011680647730827332, 0.0003477707505226135, 0.0007779747247695923, 0.0015475787222385406, 0.0026051662862300873, 0.004754099994897842, 0.00639188289642334, 0.009606000036001205, 0.013643700629472733, 0.016012683510780334, 0.02428247034549713, 0.054687630385160446, 0.11390047892928123, 0.19654616340994835, 0.4679056145250797, 0.9215052463114262, 1.7323837764561176, 4.52223289757967, 48.90260327607393, 197.33313170447946, 504.71008758991957]}, "Differences adapted": {"ZSS_0": [0.0, 1.1102230246251565e-16, 0.010119047619047583, 0.0031249999999999334, -0.013020833333333592, -3.3306690738754696e-16, 0.025390625, 0.003472222222222432, -0.017187500000000022, -0.031249999999999778, 0.020833333333333925, -0.0078125, -0.009375000000000133, 0.007161458333333481, -0.00146484375, 0.007812500000000111, 0.00618489583333337, -0.000244140625, -0.0003662109375, 0.0003255208333332593, -0.000244140625], "ZSS_1": [0.0, 0.06576624293785283, 0.15881147540983598, 0.13437500000000102, 0.16666666666666585, 0.1674107142857133, 0.166015625, 0.11458333333333237, 0.15156250000000027, 0.1846590909090906, 0.1158854166666663, 0.099609375, 0.08750000000000036, 0.08463541666666652, 0.06396484375, 0.03242187500000049, 0.0224609375, 0.026123046875, 0.0135498046875, 0.008870442708333481, 0.00738525390625], "ZSS_0_5": [0.0, -0.0331920903954801, 0.09483862704918034, 0.09999999999999998, 0.08333333333333348, 0.08705357142857162, 0.099609375, 0.06250000000000022, 0.078125, 0.10937500000000022, 0.07812500000000044, 0.0576171875, 0.04453124999999991, 0.05143229166666674, 0.04150390625, 0.01171875, 0.011718750000000444, 0.010498046875, 0.0042724609375, 0.005940755208333259, 0.00201416015625]}, "GRF64": {"max": [1.0, 2.0, 3.0, 4.0, 5.0, 5.99999998990931, 6.999999896099979, 7.999999896544411, 8.0, 8.999999989909309, 12.0, 15.0, 18.0], "cost": [0.33333333333333354, 0.34374999999981115, 0.46249999968456446, 0.507812493382127, 0.5379462933808472, 0.5722655230174997, 0.5781242160956553, 0.5968733290230349, 0.6150535532872664, 0.6151958475218506, 0.6386469739608384, 0.6406138001230643, 0.6432228961070158], "min": [1.0, 0.9999999999946277, 1.9999999899039378, 1.9999999999999938, 2.9999993722898264, 2.9999999999999996, 3.99999998990931, 3.999999999878024, 3.999999999878024, 5.999991431352741, 6.999998306849132, 9.0, 12.999675262738714], "time": [0.003827445361079002, 0.004975404590368271, 0.008582182228565216, 0.018622934818267822, 0.04939166083931923, 0.12351836636662483, 0.3620017096400261, 0.7607033811509609, 1.7678211517632008, 4.448125986491933, 41.27998800575733, 214.16602586209774, 794.0529505237937]}, "ZSS_0_a": {"max": [2.0, 2.0, 4.0, 5.0, 6.0, 7.0, 8.0, 9.0, 10.0, 11.0, 12.0, 16.0, 20.0, 24.0, 32.0, 40.0, 48.0, 64.0, 128.0, 192.0, 256.0], "cost": [1.0, 0.6666666666666666, 0.7041666666666667, 0.7156249999999997, 0.7239583333333334, 0.7299107142857142, 0.798828125, 0.7968749999999996, 0.8453124999999994, 0.8565340909090903, 0.8515624999999996, 0.888671875, 0.9031250000000002, 0.9121093750000001, 0.93701171875, 0.9468750000000001, 0.9573567708333331, 0.97021484375, 0.9847412109375, 0.9900716145833333, 0.99310302734375], "min": [2.0, 2.0, 2.0, 2.0, 2.0, 2.0, 4.0, 3.0, 5.0, 6.0, 7.0, 11.0, 15.0, 19.0, 27.0, 34.0, 44.0, 58.0, 123.0, 187.0, 252.0], "time": [0.0001205839216709137, 0.00034560995586847853, 0.0008038798967997233, 0.0016127899289131165, 0.0027233362197875977, 0.004101939499378204, 0.00703873485326767, 0.00884370505809784, 0.013349056243896484, 0.018830381333827972, 0.02551494911313057, 0.05859329551458359, 0.11648974567651749, 0.2164972573518753, 0.5112014301121235, 0.9583909809589386, 1.8852479383349419, 4.956014283001423, 47.87328800931573, 207.20496571809053, 541.3089562058449]}, "GRF1": {"max": [0.6666666666666667, 1.5, 2.8, 3.3333333333333335, 4.133333333333334, 4.425, 5.375, 6.416666666666667, 7.02987012987013, 7.855555555555556, 11.151785714285715, 13.382360548807918, 15.394047619047619], "cost": [0.22222222222222204, 0.23111979166666663, 0.3123437499999999, 0.35399305555555566, 0.37571215986394557, 0.4050711495535714, 0.4219762731481481, 0.45521453373015885, 0.4604232770070838, 0.48194417918682625, 0.5100014040321658, 0.5281743314768362, 0.5396729193962206], "min": [0.6666666666666667, 0.33333333333333337, 0.5833333333333334, 0.9166666666666667, 1.3666666666666667, 2.045238095238095, 2.045238095238095, 3.0083333333333337, 3.412698412698413, 4.557142857142857, 5.733333333333333, 7.875, 10.362013729977118], "time": [0.004014560154506138, 0.0050729066133499146, 0.008607964962720871, 0.018982011824846268, 0.04924497380852699, 0.13299854844808578, 0.3464356027543545, 0.7844796180725098, 1.804953433573246, 3.632478756063125, 36.91092013195157, 174.9367087483406, 617.3887638300657]}, "ZSS_1": {"max": [2.0, 4.0, 6.0, 9.0, 11.0, 13.0, 17.0, 18.0, 20.0, 23.0, 26.0, 34.0, 44.0, 54.0, 72.0, 92.0, 111.0, 146.0, 292.0, 440.0, 582.0],